condition,alpha_mean,alpha_sd,alpha_q025,alpha_q975,beta_mean,beta_sd,beta_q025,beta_q975,lambda_mean,lambda_sd,lambda_q025,lambda_q975
AI,-0.03056685469254726,0.12460195980346027,-0.31055229313639393,0.18723981705538786,0.0397518312770887,0.081502847317677235,-0.1497106456231865,0.16965557542425996,7.8955942910621495,1.68102536602396,5.0275571891617234,11.813532899714573
Control,-0.07604483286504915,0.08485770868949795,-0.28439592305728834,0.053060479245913124,0.13097681415847617,0.05466693708107477,0.008387489445279476,0.22586195986286764,11.731483487177936,1.945658209934163,8.232702364896655,15
