condition,alpha_mean,alpha_sd,alpha_q025,alpha_q975,beta_mean,beta_sd,beta_q025,beta_q975,lambda_mean,lambda_sd,lambda_q025,lambda_q975
AI,-0.026125631103670683,0.12657126197302623,-0.30623108880684097,0.1858596837576953,0.04382501935710765,0.0793213580149124,-0.13925700046777428,0.1713411157674741,7.98330936492542,1.6282815756091875,5.243271289370747,11.733430816639133
Control,-0.08192386962255367,0.08678628285900204,-0.28067890174514604,0.04661430648487624,0.12802710589843402,0.054663462237372396,0.0052922623711491755,0.22023560826387847,11.672458255805083,2.011658045935933,8.195959930902704,15
