condition,alpha_mean,alpha_sd,alpha_q025,alpha_q975,beta_mean,beta_sd,beta_q025,beta_q975,lambda_mean,lambda_sd,lambda_q025,lambda_q975
AI,-0.029245825897386994,0.1190060337038614,-0.2954879791372682,0.1769528436193214,0.044581161788283974,0.07929489154013783,-0.14269825584321522,0.17221638290569696,7.8326596661808585,1.5497363628091572,5.181265661036463,11.24918441953037
Control,-0.08233029755288504,0.08922475145355818,-0.29977066937683405,0.0435236333661087,0.12756943737649346,0.05195688811456878,0.016019924192631298,0.2197745608873276,11.643477843483616,1.9730367692447894,8.142089708570936,15
